CREATE DATABASE  IF NOT EXISTS `park_db` /*!40100 DEFAULT CHARACTER SET utf8mb4 COLLATE utf8mb4_0900_ai_ci */ /*!80016 DEFAULT ENCRYPTION='N' */;
USE `park_db`;
-- MySQL dump 10.13  Distrib 8.0.41, for Win64 (x86_64)
--
-- Host: 127.0.0.1    Database: park_db
-- ------------------------------------------------------
-- Server version	8.0.41

/*!40101 SET @OLD_CHARACTER_SET_CLIENT=@@CHARACTER_SET_CLIENT */;
/*!40101 SET @OLD_CHARACTER_SET_RESULTS=@@CHARACTER_SET_RESULTS */;
/*!40101 SET @OLD_COLLATION_CONNECTION=@@COLLATION_CONNECTION */;
/*!50503 SET NAMES utf8 */;
/*!40103 SET @OLD_TIME_ZONE=@@TIME_ZONE */;
/*!40103 SET TIME_ZONE='+00:00' */;
/*!40014 SET @OLD_UNIQUE_CHECKS=@@UNIQUE_CHECKS, UNIQUE_CHECKS=0 */;
/*!40014 SET @OLD_FOREIGN_KEY_CHECKS=@@FOREIGN_KEY_CHECKS, FOREIGN_KEY_CHECKS=0 */;
/*!40101 SET @OLD_SQL_MODE=@@SQL_MODE, SQL_MODE='NO_AUTO_VALUE_ON_ZERO' */;
/*!40111 SET @OLD_SQL_NOTES=@@SQL_NOTES, SQL_NOTES=0 */;

--
-- Table structure for table `orders`
--

DROP TABLE IF EXISTS `orders`;
/*!40101 SET @saved_cs_client     = @@character_set_client */;
/*!50503 SET character_set_client = utf8mb4 */;
CREATE TABLE `orders` (
  `order_number` int NOT NULL AUTO_INCREMENT,
  `parking_space` int DEFAULT NULL,
  `order_date` date DEFAULT NULL,
  `order_time` time DEFAULT NULL,
  `confirmation_code` int DEFAULT NULL,
  `subscriber_id` int DEFAULT NULL,
  `order_status` enum('active','pending','late','cancelled','complete') DEFAULT NULL,
  `is_extended` tinyint(1) DEFAULT '0',
  `is_notified` tinyint(1) DEFAULT '0',
  PRIMARY KEY (`order_number`),
  UNIQUE KEY `confirmation_code` (`confirmation_code`),
  KEY `parking_space` (`parking_space`),
  KEY `subscriber_id` (`subscriber_id`),
  CONSTRAINT `orders_ibfk_1` FOREIGN KEY (`parking_space`) REFERENCES `parking` (`parking_space`),
  CONSTRAINT `orders_ibfk_2` FOREIGN KEY (`subscriber_id`) REFERENCES `subscribers` (`subscriber_id`)
) ENGINE=InnoDB AUTO_INCREMENT=72 DEFAULT CHARSET=utf8mb4 COLLATE=utf8mb4_0900_ai_ci;
/*!40101 SET character_set_client = @saved_cs_client */;

--
-- Dumping data for table `orders`
--

LOCK TABLES `orders` WRITE;
/*!40000 ALTER TABLE `orders` DISABLE KEYS */;
INSERT INTO `orders` VALUES (1,101,'2025-06-24','16:07:42',9105,10031,'complete',0,0),(2,101,'2025-06-24','17:34:36',7884,10031,'complete',1,0),(3,101,'2025-06-30','21:00:00',4314,10031,'cancelled',0,0),(4,101,'2025-06-25','13:08:37',6996,10031,'complete',0,0),(5,102,'2025-06-25','13:09:12',1002,10031,'complete',0,0),(6,103,'2025-06-25','13:10:29',4608,10031,'complete',0,0),(7,104,'2025-06-25','13:22:55',7280,10031,'complete',0,0),(8,105,'2025-06-25','13:26:06',3187,10031,'complete',0,0),(9,106,'2025-06-25','13:28:23',9419,10031,'complete',0,0),(10,107,'2025-06-25','13:33:20',5464,10031,'complete',0,0),(11,108,'2025-06-25','13:41:29',8102,10031,'complete',0,0),(12,109,'2025-06-25','13:48:46',1177,10031,'complete',0,0),(13,101,'2025-06-25','14:02:18',7873,10031,'complete',0,0),(14,102,'2025-06-25','14:11:13',4819,10031,'complete',0,0),(15,101,'2025-06-25','14:11:36',6714,10031,'complete',1,0),(16,101,'2025-06-27','10:00:00',8928,10031,'cancelled',0,0),(17,101,'2025-06-27','11:00:00',4588,10031,'cancelled',0,0),(18,102,'2025-06-27','11:00:00',3363,10031,'cancelled',0,0),(19,103,'2025-06-27','11:00:00',1226,10031,'cancelled',0,0),(20,101,'2025-06-25','14:26:49',7362,10031,'complete',0,0),(21,102,'2025-06-25','14:53:53',4866,10000,'complete',0,0),(22,103,'2025-06-25','14:59:20',8414,10031,'complete',0,0),(23,103,'2025-06-25','14:59:58',4152,10031,'complete',0,0),(24,101,'2025-06-25','15:02:00',5266,10000,'complete',0,0),(25,102,'2025-06-25','15:02:16',5439,10031,'complete',0,0),(26,101,'2025-06-25','15:13:40',9456,10000,'complete',0,0),(27,102,'2025-06-25','15:13:42',7432,10031,'complete',0,0),(28,101,'2025-06-25','15:20:07',9282,10000,'complete',0,0),(29,102,'2025-06-25','15:20:10',1110,10031,'complete',0,0),(30,101,'2025-06-25','04:22:15',8374,10031,'complete',0,1),(31,102,'2025-06-25','16:31:04',1796,10001,'complete',0,1),(32,103,'2025-06-25','16:31:19',7476,10002,'complete',0,1),(33,102,'2025-06-25','18:44:15',1001,10001,'complete',0,1),(34,104,'2025-06-25','22:53:57',2470,10001,'cancelled',0,1),(35,104,'2025-06-26','12:51:46',2443,10001,'complete',1,0),(36,104,'2025-06-26','12:59:14',8800,10001,'complete',0,0),(37,104,'2025-06-30','21:45:59',9991,10001,'complete',0,0),(38,105,'2025-07-02','03:00:00',8917,10001,'cancelled',0,1),(39,105,'2025-06-30','23:07:13',3785,10001,'complete',0,0),(40,102,'2025-06-30','23:10:32',6363,10031,'complete',0,0),(41,101,'2025-06-30','23:11:32',5411,10031,'complete',0,0),(42,101,'2025-06-30','23:22:36',2680,10001,'complete',0,0),(43,101,'2025-07-02','10:00:00',4264,10002,'cancelled',0,1),(44,102,'2025-07-02','10:00:00',6778,10003,'cancelled',0,1),(45,103,'2025-07-02','10:00:00',2910,10004,'cancelled',0,1),(46,101,'2025-07-01','09:37:20',9115,10008,'complete',0,0),(47,101,'2025-07-01','09:37:49',3672,10008,'complete',0,0),(48,101,'2025-07-01','09:42:58',7216,10008,'complete',0,0),(49,101,'2025-07-01','10:49:47',9651,10008,'complete',0,0),(50,101,'2025-07-01','10:52:28',1778,10008,'complete',0,0),(51,101,'2025-07-01','06:55:06',5235,10008,'complete',0,1),(52,101,'2025-07-01','07:11:39',1604,10008,'complete',0,1),(53,101,'2025-07-01','11:20:24',3714,10008,'complete',1,0),(54,101,'2025-07-01','07:21:09',1816,10008,'complete',0,1),(55,101,'2025-07-03','12:00:00',3746,10008,'cancelled',0,1),(56,101,'2025-07-01','12:28:38',9664,10000,'complete',1,0),(57,101,'2025-07-04','12:00:00',1869,10000,'cancelled',0,1),(58,102,'2025-07-03','12:00:00',2081,10000,'cancelled',0,1),(59,101,'2025-07-01','12:44:41',5721,10000,'complete',0,0),(60,101,'2025-07-01','13:08:52',7019,10034,'complete',0,0),(61,101,'2025-07-01','13:13:21',7998,10001,'complete',0,0),(62,102,'2025-07-01','13:13:24',5199,10000,'complete',0,0),(63,101,'2025-07-01','13:27:08',9244,10000,'late',0,1),(64,102,'2025-07-02','13:46:26',1839,10001,'complete',0,0),(65,102,'2025-07-05','09:00:00',2051,10001,'pending',0,0),(66,102,'2025-07-06','09:00:00',6348,10001,'pending',0,0),(67,102,'2025-07-08','09:00:00',5096,10001,'pending',0,0),(68,102,'2025-07-09','09:00:00',4445,10001,'pending',0,0),(69,102,'2025-07-07','09:00:00',1804,10001,'pending',0,0),(70,102,'2025-07-04','12:25:56',1403,10001,'complete',0,1),(71,103,'2025-07-04','12:38:34',1696,10001,'complete',0,1);
/*!40000 ALTER TABLE `orders` ENABLE KEYS */;
UNLOCK TABLES;

--
-- Table structure for table `parking`
--

DROP TABLE IF EXISTS `parking`;
/*!40101 SET @saved_cs_client     = @@character_set_client */;
/*!50503 SET character_set_client = utf8mb4 */;
CREATE TABLE `parking` (
  `parking_space` int NOT NULL,
  `status` enum('available','ordered','occupied') NOT NULL DEFAULT 'available',
  `confirmation_code` int DEFAULT NULL,
  PRIMARY KEY (`parking_space`),
  KEY `fk_parking_confirmation_code` (`confirmation_code`),
  CONSTRAINT `fk_parking_confirmation_code` FOREIGN KEY (`confirmation_code`) REFERENCES `orders` (`confirmation_code`) ON DELETE SET NULL ON UPDATE CASCADE
) ENGINE=InnoDB DEFAULT CHARSET=utf8mb4 COLLATE=utf8mb4_0900_ai_ci;
/*!40101 SET character_set_client = @saved_cs_client */;

--
-- Dumping data for table `parking`
--

LOCK TABLES `parking` WRITE;
/*!40000 ALTER TABLE `parking` DISABLE KEYS */;
INSERT INTO `parking` VALUES (101,'occupied',9244),(102,'available',NULL),(103,'available',NULL),(104,'available',NULL),(105,'available',NULL),(106,'available',NULL),(107,'available',NULL),(108,'available',NULL),(109,'available',NULL),(110,'available',NULL);
/*!40000 ALTER TABLE `parking` ENABLE KEYS */;
UNLOCK TABLES;

--
-- Table structure for table `parking_history`
--

DROP TABLE IF EXISTS `parking_history`;
/*!40101 SET @saved_cs_client     = @@character_set_client */;
/*!50503 SET character_set_client = utf8mb4 */;
CREATE TABLE `parking_history` (
  `subscriber_id` int NOT NULL,
  `parking_num` int NOT NULL,
  `parking_date` date NOT NULL,
  `parking_time` time NOT NULL,
  `event_type` enum('deposited','picked_up','reserved','late','cancelled','extended') NOT NULL,
  `order_number` int NOT NULL
) ENGINE=InnoDB DEFAULT CHARSET=utf8mb4 COLLATE=utf8mb4_0900_ai_ci;
/*!40101 SET character_set_client = @saved_cs_client */;

--
-- Dumping data for table `parking_history`
--

LOCK TABLES `parking_history` WRITE;
/*!40000 ALTER TABLE `parking_history` DISABLE KEYS */;
INSERT INTO `parking_history` VALUES (10012,100,'2025-04-01','04:40:44','deposited',0),(10024,104,'2025-04-01','10:26:34','deposited',0),(10002,109,'2025-04-01','17:24:19','reserved',0),(10027,108,'2025-04-02','10:51:56','picked_up',0),(10010,104,'2025-04-04','06:13:09','reserved',0),(10009,103,'2025-04-04','10:30:56','picked_up',0),(10029,106,'2025-04-04','16:25:06','late',0),(10011,102,'2025-04-05','05:15:56','picked_up',0),(10005,109,'2025-04-06','03:09:52','picked_up',0),(10010,100,'2025-04-06','12:46:19','reserved',0),(10012,100,'2025-04-06','13:42:41','late',0),(10007,102,'2025-04-06','15:41:07','picked_up',0),(10021,103,'2025-04-06','20:51:20','late',0),(10001,101,'2025-04-07','14:10:07','deposited',0),(10022,108,'2025-04-07','14:37:17','deposited',0),(10023,104,'2025-04-08','22:08:19','late',0),(10002,105,'2025-04-09','22:38:47','late',0),(10020,100,'2025-04-10','16:17:34','late',0),(10027,106,'2025-04-14','06:48:29','deposited',0),(10014,103,'2025-04-15','04:07:29','late',0),(10005,100,'2025-04-15','22:31:07','reserved',0),(10028,104,'2025-04-15','22:56:52','reserved',0),(10015,100,'2025-04-16','04:33:04','late',0),(10022,106,'2025-04-16','07:58:08','late',0),(10001,108,'2025-04-16','18:23:43','picked_up',0),(10022,101,'2025-04-16','19:29:26','deposited',0),(10003,106,'2025-04-17','01:25:22','late',0),(10004,101,'2025-04-17','08:44:27','picked_up',0),(10005,103,'2025-04-17','19:21:32','picked_up',0),(10028,106,'2025-04-17','23:53:00','deposited',0),(10002,107,'2025-04-18','16:01:36','picked_up',0),(10011,105,'2025-04-18','17:12:02','late',0),(10003,104,'2025-04-18','17:46:44','reserved',0),(10016,101,'2025-04-18','18:27:12','reserved',0),(10019,102,'2025-04-18','19:58:55','deposited',0),(10022,105,'2025-04-19','14:39:35','picked_up',0),(10000,101,'2025-04-20','01:54:00','deposited',0),(10009,102,'2025-04-21','07:51:14','deposited',0),(10026,103,'2025-04-21','16:33:44','reserved',0),(10001,105,'2025-04-22','13:12:50','reserved',0),(10015,103,'2025-04-25','05:33:23','late',0),(10014,103,'2025-04-26','05:19:16','picked_up',0),(10003,103,'2025-04-26','13:24:33','reserved',0),(10012,109,'2025-04-28','06:01:59','late',0),(10029,109,'2025-04-29','08:36:22','deposited',0),(10020,103,'2025-04-29','13:41:18','late',0),(10019,109,'2025-04-30','18:02:15','deposited',0),(10028,101,'2025-05-01','10:11:04','reserved',0),(10022,103,'2025-05-01','13:38:25','late',0),(10018,107,'2025-05-01','14:27:03','deposited',0),(10015,106,'2025-05-01','17:57:56','reserved',0),(10022,108,'2025-05-01','20:30:10','picked_up',0),(10001,108,'2025-05-02','10:35:27','deposited',0),(10013,103,'2025-05-02','23:24:46','reserved',0),(10027,109,'2025-05-03','23:27:13','picked_up',0),(10017,107,'2025-05-05','21:38:46','reserved',0),(10031,101,'2025-06-24','16:07:42','deposited',0),(10031,101,'2025-06-24','16:29:02','picked_up',0),(10031,101,'2025-06-24','17:34:37','deposited',0),(10031,101,'2025-06-24','17:58:49','extended',0),(10031,101,'2025-06-24','18:00:48','picked_up',0),(10031,101,'2025-06-25','13:06:59','reserved',3),(10031,101,'2025-06-25','13:57:29','picked_up',4),(10031,102,'2025-06-25','13:57:34','picked_up',5),(10031,103,'2025-06-25','13:57:38','picked_up',6),(10031,104,'2025-06-25','13:57:48','picked_up',7),(10031,105,'2025-06-25','13:57:54','picked_up',8),(10031,106,'2025-06-25','13:57:59','picked_up',9),(10031,107,'2025-06-25','13:58:11','picked_up',10),(10031,108,'2025-06-25','13:58:15','picked_up',11),(10031,109,'2025-06-25','13:58:20','picked_up',12),(10031,102,'2025-06-25','14:11:13','deposited',14),(10031,102,'2025-06-25','14:11:25','picked_up',14),(10031,101,'2025-06-25','14:11:34','picked_up',13),(10031,101,'2025-06-25','14:11:36','deposited',15),(10031,101,'2025-06-25','14:11:51','extended',15),(10031,101,'2025-06-25','14:12:23','picked_up',15),(10031,101,'2025-06-25','14:13:34','reserved',16),(10031,101,'2025-06-25','14:13:50','reserved',17),(10031,102,'2025-06-25','14:20:59','reserved',18),(10031,103,'2025-06-25','14:21:00','reserved',19),(10031,101,'2025-06-25','14:26:49','deposited',20),(10012,100,'2025-04-01','08:40:44','late',0),(10024,104,'2025-04-01','14:26:34','late',0),(10001,101,'2025-04-07','18:10:07','late',0),(10022,108,'2025-04-07','18:37:17','late',0),(10027,106,'2025-04-14','10:48:29','late',0),(10022,101,'2025-04-16','23:29:26','late',0),(10028,106,'2025-04-17','27:53:00','late',0),(10019,102,'2025-04-18','23:58:55','late',0),(10000,101,'2025-04-20','05:54:00','late',0),(10009,102,'2025-04-21','11:51:14','late',0),(10029,109,'2025-04-29','12:36:22','late',0),(10019,109,'2025-04-30','22:02:15','late',0),(10018,107,'2025-05-01','18:27:03','late',0),(10001,108,'2025-05-02','14:35:27','late',0),(10031,101,'2025-06-24','20:07:42','late',0),(10031,101,'2025-06-24','21:34:37','late',0),(10029,106,'2025-04-04','20:25:06','picked_up',0),(10012,100,'2025-04-06','17:42:41','picked_up',0),(10021,103,'2025-04-06','24:51:20','picked_up',0),(10023,104,'2025-04-08','26:08:19','picked_up',0),(10002,105,'2025-04-09','26:38:47','picked_up',0),(10020,100,'2025-04-10','20:17:34','picked_up',0),(10014,103,'2025-04-15','08:07:29','picked_up',0),(10015,100,'2025-04-16','08:33:04','picked_up',0),(10022,106,'2025-04-16','11:58:08','picked_up',0),(10003,106,'2025-04-17','05:25:22','picked_up',0),(10011,105,'2025-04-18','21:12:02','picked_up',0),(10015,103,'2025-04-25','09:33:23','picked_up',0),(10012,109,'2025-04-28','10:01:59','picked_up',0),(10020,103,'2025-04-29','17:41:18','picked_up',0),(10022,103,'2025-05-01','17:38:25','picked_up',0),(10012,100,'2025-04-01','12:40:44','picked_up',0),(10024,104,'2025-04-01','18:26:34','picked_up',0),(10001,101,'2025-04-07','22:10:07','picked_up',0),(10022,108,'2025-04-07','22:37:17','picked_up',0),(10027,106,'2025-04-14','14:48:29','picked_up',0),(10022,101,'2025-04-16','27:29:26','picked_up',0),(10028,106,'2025-04-17','31:53:00','picked_up',0),(10019,102,'2025-04-18','27:58:55','picked_up',0),(10000,101,'2025-04-20','09:54:00','picked_up',0),(10009,102,'2025-04-21','15:51:14','picked_up',0),(10029,109,'2025-04-29','16:36:22','picked_up',0),(10019,109,'2025-04-30','26:02:15','picked_up',0),(10018,107,'2025-05-01','22:27:03','picked_up',0),(10001,108,'2025-05-02','18:35:27','picked_up',0),(10031,101,'2025-06-24','24:07:42','picked_up',0),(10031,101,'2025-06-24','25:34:37','picked_up',0),(10000,102,'2025-06-25','14:53:53','deposited',21),(10012,100,'2025-04-01','08:40:44','picked_up',0),(10024,104,'2025-04-01','14:26:34','picked_up',0),(10001,101,'2025-04-07','18:10:07','picked_up',0),(10022,108,'2025-04-07','18:37:17','picked_up',0),(10027,106,'2025-04-14','10:48:29','picked_up',0),(10022,101,'2025-04-16','23:29:26','picked_up',0),(10028,106,'2025-04-17','27:53:00','picked_up',0),(10019,102,'2025-04-18','23:58:55','picked_up',0),(10000,101,'2025-04-20','05:54:00','picked_up',0),(10009,102,'2025-04-21','11:51:14','picked_up',0),(10029,109,'2025-04-29','12:36:22','picked_up',0),(10019,109,'2025-04-30','22:02:15','picked_up',0),(10018,107,'2025-05-01','18:27:03','picked_up',0),(10001,108,'2025-05-02','14:35:27','picked_up',0),(10031,101,'2025-06-24','20:07:42','picked_up',0),(10031,101,'2025-06-24','21:34:37','picked_up',0),(10012,100,'2025-04-01','08:40:44','picked_up',0),(10024,104,'2025-04-01','14:26:34','picked_up',0),(10029,106,'2025-04-04','20:25:06','picked_up',0),(10012,100,'2025-04-06','17:42:41','picked_up',0),(10021,103,'2025-04-06','24:51:20','picked_up',0),(10001,101,'2025-04-07','18:10:07','picked_up',0),(10022,108,'2025-04-07','18:37:17','picked_up',0),(10023,104,'2025-04-08','26:08:19','picked_up',0),(10002,105,'2025-04-09','26:38:47','picked_up',0),(10020,100,'2025-04-10','20:17:34','picked_up',0),(10027,106,'2025-04-14','10:48:29','picked_up',0),(10014,103,'2025-04-15','08:07:29','picked_up',0),(10015,100,'2025-04-16','08:33:04','picked_up',0),(10022,106,'2025-04-16','11:58:08','picked_up',0),(10022,101,'2025-04-16','23:29:26','picked_up',0),(10003,106,'2025-04-17','05:25:22','picked_up',0),(10028,106,'2025-04-17','27:53:00','picked_up',0),(10011,105,'2025-04-18','21:12:02','picked_up',0),(10019,102,'2025-04-18','23:58:55','picked_up',0),(10000,101,'2025-04-20','05:54:00','picked_up',0),(10009,102,'2025-04-21','11:51:14','picked_up',0),(10015,103,'2025-04-25','09:33:23','picked_up',0),(10012,109,'2025-04-28','10:01:59','picked_up',0),(10029,109,'2025-04-29','12:36:22','picked_up',0),(10020,103,'2025-04-29','17:41:18','picked_up',0),(10019,109,'2025-04-30','22:02:15','picked_up',0),(10022,103,'2025-05-01','17:38:25','picked_up',0),(10018,107,'2025-05-01','18:27:03','picked_up',0),(10001,108,'2025-05-02','14:35:27','picked_up',0),(10031,101,'2025-06-24','20:07:42','picked_up',0),(10031,101,'2025-06-24','21:34:37','picked_up',0),(10012,100,'2025-04-01','12:40:44','picked_up',0),(10024,104,'2025-04-01','18:26:34','picked_up',0),(10001,101,'2025-04-07','22:10:07','picked_up',0),(10022,108,'2025-04-07','22:37:17','picked_up',0),(10027,106,'2025-04-14','14:48:29','picked_up',0),(10022,101,'2025-04-16','27:29:26','picked_up',0),(10028,106,'2025-04-17','31:53:00','picked_up',0),(10019,102,'2025-04-18','27:58:55','picked_up',0),(10000,101,'2025-04-20','09:54:00','picked_up',0),(10009,102,'2025-04-21','15:51:14','picked_up',0),(10029,109,'2025-04-29','16:36:22','picked_up',0),(10019,109,'2025-04-30','26:02:15','picked_up',0),(10018,107,'2025-05-01','22:27:03','picked_up',0),(10001,108,'2025-05-02','18:35:27','picked_up',0),(10031,101,'2025-06-24','24:07:42','picked_up',0),(10031,101,'2025-06-24','25:34:37','picked_up',0),(10012,100,'2025-06-25','14:59:01','picked_up',0),(10024,104,'2025-06-25','14:59:01','picked_up',0),(10029,106,'2025-06-25','14:59:01','picked_up',0),(10012,100,'2025-06-25','14:59:01','picked_up',0),(10021,103,'2025-06-25','14:59:01','picked_up',0),(10001,101,'2025-06-25','14:59:01','picked_up',0),(10022,108,'2025-06-25','14:59:01','picked_up',0),(10023,104,'2025-06-25','14:59:01','picked_up',0),(10002,105,'2025-06-25','14:59:01','picked_up',0),(10020,100,'2025-06-25','14:59:01','picked_up',0),(10027,106,'2025-06-25','14:59:01','picked_up',0),(10014,103,'2025-06-25','14:59:01','picked_up',0),(10015,100,'2025-06-25','14:59:01','picked_up',0),(10022,106,'2025-06-25','14:59:01','picked_up',0),(10022,101,'2025-06-25','14:59:01','picked_up',0),(10003,106,'2025-06-25','14:59:01','picked_up',0),(10028,106,'2025-06-25','14:59:01','picked_up',0),(10011,105,'2025-06-25','14:59:01','picked_up',0),(10019,102,'2025-06-25','14:59:01','picked_up',0),(10000,101,'2025-06-25','14:59:01','picked_up',0),(10009,102,'2025-06-25','14:59:01','picked_up',0),(10015,103,'2025-06-25','14:59:01','picked_up',0),(10012,109,'2025-06-25','14:59:01','picked_up',0),(10029,109,'2025-06-25','14:59:01','picked_up',0),(10020,103,'2025-06-25','14:59:01','picked_up',0),(10019,109,'2025-06-25','14:59:01','picked_up',0),(10022,103,'2025-06-25','14:59:01','picked_up',0),(10018,107,'2025-06-25','14:59:01','picked_up',0),(10001,108,'2025-06-25','14:59:01','picked_up',0),(10031,101,'2025-06-25','14:59:01','picked_up',0),(10031,101,'2025-06-25','14:59:01','picked_up',0),(10012,100,'2025-06-25','14:59:01','picked_up',0),(10024,104,'2025-06-25','14:59:01','picked_up',0),(10001,101,'2025-06-25','14:59:01','picked_up',0),(10022,108,'2025-06-25','14:59:01','picked_up',0),(10027,106,'2025-06-25','14:59:01','picked_up',0),(10022,101,'2025-06-25','14:59:01','picked_up',0),(10028,106,'2025-06-25','14:59:01','picked_up',0),(10019,102,'2025-06-25','14:59:01','picked_up',0),(10000,101,'2025-06-25','14:59:01','picked_up',0),(10009,102,'2025-06-25','14:59:01','picked_up',0),(10029,109,'2025-06-25','14:59:01','picked_up',0),(10019,109,'2025-06-25','14:59:01','picked_up',0),(10018,107,'2025-06-25','14:59:01','picked_up',0),(10001,108,'2025-06-25','14:59:01','picked_up',0),(10031,101,'2025-06-25','14:59:01','picked_up',0),(10031,101,'2025-06-25','14:59:01','picked_up',0),(10031,103,'2025-06-25','14:59:20','deposited',22),(10031,103,'2025-06-25','14:59:54','picked_up',22),(10031,103,'2025-06-25','14:59:58','deposited',23),(10031,101,'2025-06-25','15:00:13','picked_up',20),(10031,101,'2025-06-25','15:01:21','picked_up',20),(10031,101,'2025-06-25','15:01:24','picked_up',20),(10000,102,'2025-06-25','15:01:32','picked_up',21),(10031,103,'2025-06-25','15:01:37','picked_up',23),(10000,101,'2025-06-25','15:02:00','deposited',24),(10031,102,'2025-06-25','15:02:16','deposited',25),(10000,101,'2025-06-25','15:02:33','picked_up',24),(10031,102,'2025-06-25','15:02:40','picked_up',25),(10000,101,'2025-06-25','15:13:40','deposited',26),(10031,102,'2025-06-25','15:13:42','deposited',27),(10000,102,'2025-06-25','15:14:35','picked_up',27),(10031,101,'2025-06-25','15:14:57','picked_up',26),(10031,101,'2025-06-25','15:16:04','cancelled',3),(10031,101,'2025-06-25','15:16:04','cancelled',16),(10031,101,'2025-06-25','15:16:04','cancelled',17),(10031,102,'2025-06-25','15:16:04','cancelled',18),(10031,103,'2025-06-25','15:16:04','cancelled',19),(10000,101,'2025-06-25','15:20:07','deposited',28),(10031,102,'2025-06-25','15:20:10','deposited',29),(10031,102,'2025-06-25','15:20:25','picked_up',29),(10000,101,'2025-06-25','15:20:35','picked_up',28),(10031,101,'2025-06-25','12:22:15','deposited',30),(10001,102,'2025-06-25','16:31:04','deposited',31),(10002,103,'2025-06-25','16:31:19','deposited',32),(10002,103,'2025-06-25','22:33:31','late',32),(10001,102,'2025-06-25','22:33:31','late',31),(10031,101,'2025-06-25','22:33:32','late',30),(10001,102,'2025-06-25','22:34:59','picked_up',31),(10001,102,'2025-06-25','18:44:15','deposited',33),(10001,102,'2025-06-25','22:45:09','late',33),(10001,104,'2025-06-25','23:04:34','reserved',34),(10001,104,'2025-06-25','23:11:15','cancelled',34),(10001,104,'2025-06-26','12:51:46','deposited',35),(10001,104,'2025-06-26','12:51:57','picked_up',35),(10001,104,'2025-06-26','12:51:59','extended',35),(10001,104,'2025-06-26','12:52:02','picked_up',35),(10001,104,'2025-06-26','12:59:14','deposited',36),(10001,104,'2025-06-26','12:59:25','picked_up',36),(10001,104,'2025-06-30','21:45:59','deposited',37),(10001,105,'2025-06-30','22:11:43','reserved',38),(10001,105,'2025-06-30','23:07:13','deposited',39),(10001,102,'2025-06-30','23:08:57','picked_up',33),(10001,104,'2025-06-30','23:09:06','picked_up',37),(10002,103,'2025-06-30','23:09:39','picked_up',32),(10001,105,'2025-06-30','23:10:05','picked_up',39),(10031,102,'2025-06-30','23:10:32','deposited',40),(10031,102,'2025-06-30','23:10:47','picked_up',40),(10031,101,'2025-06-30','23:10:54','picked_up',30),(10031,101,'2025-06-30','23:11:32','deposited',41),(10031,101,'2025-06-30','23:11:54','picked_up',41),(10001,101,'2025-06-30','23:22:36','deposited',42),(10001,101,'2025-06-30','23:22:50','picked_up',42),(10002,101,'2025-07-01','09:06:05','reserved',43),(10003,102,'2025-07-01','09:06:14','reserved',44),(10004,103,'2025-07-01','09:06:24','reserved',45),(10008,101,'2025-07-01','09:37:20','deposited',46),(10008,101,'2025-07-01','09:37:35','picked_up',46),(10008,101,'2025-07-01','09:37:49','deposited',47),(10008,101,'2025-07-01','09:37:58','picked_up',47),(10008,101,'2025-07-01','09:39:04','picked_up',47),(10008,101,'2025-07-01','09:39:06','picked_up',47),(10008,101,'2025-07-01','09:39:07','picked_up',47),(10008,101,'2025-07-01','09:39:09','picked_up',47),(10008,101,'2025-07-01','09:42:58','deposited',48),(10008,101,'2025-07-01','09:43:04','picked_up',48),(10008,101,'2025-07-01','10:49:47','deposited',49),(10008,101,'2025-07-01','10:50:26','picked_up',49),(10008,101,'2025-07-01','10:52:28','deposited',50),(10008,101,'2025-07-01','10:54:46','picked_up',50),(10008,101,'2025-07-01','06:55:06','deposited',51),(10008,101,'2025-07-01','10:56:31','late',51),(10008,101,'2025-07-01','11:10:09','picked_up',51),(10008,101,'2025-07-01','07:11:39','deposited',52),(10008,101,'2025-07-01','11:11:52','late',52),(10008,101,'2025-07-01','11:12:27','picked_up',52),(10008,101,'2025-07-01','11:20:24','deposited',53),(10008,101,'2025-07-01','11:20:36','extended',53),(10008,101,'2025-07-01','11:20:58','picked_up',53),(10008,101,'2025-07-01','07:21:09','deposited',54),(10008,101,'2025-07-01','11:21:53','late',54),(10008,101,'2025-07-01','11:22:32','picked_up',54),(10008,101,'2025-07-01','11:23:21','reserved',55),(10000,101,'2025-07-01','12:28:38','deposited',56),(10000,101,'2025-07-01','12:30:06','extended',56),(10000,101,'2025-07-01','12:30:28','picked_up',56),(10000,101,'2025-07-01','12:31:34','reserved',57),(10000,102,'2025-07-01','12:32:11','reserved',58),(10000,101,'2025-07-01','12:44:41','deposited',59),(10000,101,'2025-07-01','13:07:53','picked_up',59),(10034,101,'2025-07-01','13:08:52','deposited',60),(10034,101,'2025-07-01','13:09:03','picked_up',60),(10001,101,'2025-07-01','13:13:21','deposited',61),(10000,102,'2025-07-01','13:13:24','deposited',62),(10001,101,'2025-07-01','13:13:52','picked_up',61),(10000,102,'2025-07-01','13:14:05','picked_up',62),(10000,101,'2025-07-01','13:27:08','deposited',63),(10000,101,'2025-07-01','18:55:54','late',63),(10001,105,'2025-07-02','13:46:11','cancelled',38),(10002,101,'2025-07-02','13:46:11','cancelled',43),(10003,102,'2025-07-02','13:46:11','cancelled',44),(10004,103,'2025-07-02','13:46:11','cancelled',45),(10001,102,'2025-07-02','13:46:26','deposited',64),(10001,102,'2025-07-02','13:46:35','picked_up',64),(10001,102,'2025-07-02','13:46:59','reserved',65),(10001,102,'2025-07-02','13:47:02','reserved',66),(10001,102,'2025-07-02','13:47:04','reserved',67),(10001,102,'2025-07-02','13:47:07','reserved',68),(10001,102,'2025-07-02','13:47:11','reserved',69),(10008,101,'2025-07-03','19:37:58','cancelled',55),(10000,102,'2025-07-03','19:37:58','cancelled',58),(10000,101,'2025-07-04','15:09:17','cancelled',57),(10001,102,'2025-07-04','12:25:56','deposited',70),(10001,102,'2025-07-04','16:27:55','late',70),(10001,103,'2025-07-04','12:38:34','deposited',71),(10001,103,'2025-07-04','16:49:40','late',71),(10001,103,'2025-07-04','16:50:03','picked_up',71),(10001,102,'2025-07-04','16:50:07','picked_up',70);
/*!40000 ALTER TABLE `parking_history` ENABLE KEYS */;
UNLOCK TABLES;

--
-- Table structure for table `subscribers`
--

DROP TABLE IF EXISTS `subscribers`;
/*!40101 SET @saved_cs_client     = @@character_set_client */;
/*!50503 SET character_set_client = utf8mb4 */;
CREATE TABLE `subscribers` (
  `subscriber_id` int NOT NULL AUTO_INCREMENT,
  `subscriber_name` varchar(100) NOT NULL,
  `subscriber_phone` varchar(20) DEFAULT NULL,
  `subscriber_email` varchar(100) DEFAULT NULL,
  `subscriber_password` varchar(100) NOT NULL,
  `subscription_status` enum('user','assist','admin') NOT NULL DEFAULT 'user',
  PRIMARY KEY (`subscriber_id`)
) ENGINE=InnoDB AUTO_INCREMENT=10035 DEFAULT CHARSET=utf8mb4 COLLATE=utf8mb4_0900_ai_ci;
/*!40101 SET character_set_client = @saved_cs_client */;

--
-- Dumping data for table `subscribers`
--

LOCK TABLES `subscribers` WRITE;
/*!40000 ALTER TABLE `subscribers` DISABLE KEYS */;
INSERT INTO `subscribers` VALUES (9998,'Admin','0','Admin','admin','admin'),(9999,'Assist','1','Assist','assist','assist'),(10000,'User0','050-7265638','user0@example.com','user0pass','user'),(10001,'User1','050-5906237','user1@example.com','user1pass','user'),(10002,'User2','050-8176134','user2@example.com','user2pass','user'),(10003,'User3','050-2966652','user3@example.com','user3pass','user'),(10004,'User4','050-4924640','user4@example.com','user4pass','user'),(10005,'User5','050-4042246','user5@example.com','user5pass','user'),(10006,'User6','050-9755270','user6@example.com','user6pass','user'),(10007,'User7','050-6196579','user7@example.com','user7pass','user'),(10008,'User8','050-3234180','user8@example.com','user8passs','user'),(10009,'User9','050-4648338','user9@example.com','user9pass','user'),(10010,'User10','050-5127074','user10@example.com','user10pass','user'),(10011,'User11','050-3816248','user11@example.com','user11pass','user'),(10012,'User12','050-5049197','user12@example.com','user12pass','user'),(10013,'User13','050-4226830','user13@example.com','user13pass','user'),(10014,'User14','050-5582153','user14@example.com','user14pass','user'),(10015,'User15','050-5931562','user15@example.com','user15pass','user'),(10016,'User16','050-6710557','user16@example.com','user16pass','user'),(10017,'User17','050-6601855','user17@example.com','user17pass','user'),(10018,'User18','050-8653780','user18@example.com','user18pass','user'),(10019,'User19','050-6347969','user19@example.com','user19pass','user'),(10020,'User20','050-8172964','user20@example.com','user20pass','user'),(10021,'User21','050-8055642','user21@example.com','user21pass','user'),(10022,'User22','050-3379608','user22@example.com','user22pass','user'),(10023,'User23','050-2627809','user23@example.com','user23pass','user'),(10024,'User24','050-3716003','user24@example.com','user24pass','user'),(10025,'User25','050-5726031','user25@example.com','user25pass','user'),(10026,'User26','050-3114791','user26@example.com','user26pass','user'),(10027,'User27','050-3119029','user27@example.com','user27pass','user'),(10028,'User28','050-1193819','user28@example.com','user28pass','user'),(10029,'User29','050-6084507','user29@example.com','user29pass','user'),(10030,'User30','050-8103327','user30@example.com','user30pass','user'),(10031,'avi','0505258551','avi@example.com','avipass','user'),(10032,'yosi','0505258552','yosi@example.com','yosipass','user'),(10033,'Daniel','050-5258555','daniel@example.com','danial0pass','user'),(10034,'noam','0505668244','noam@example.com','noampass','user');
/*!40000 ALTER TABLE `subscribers` ENABLE KEYS */;
UNLOCK TABLES;
/*!40103 SET TIME_ZONE=@OLD_TIME_ZONE */;

/*!40101 SET SQL_MODE=@OLD_SQL_MODE */;
/*!40014 SET FOREIGN_KEY_CHECKS=@OLD_FOREIGN_KEY_CHECKS */;
/*!40014 SET UNIQUE_CHECKS=@OLD_UNIQUE_CHECKS */;
/*!40101 SET CHARACTER_SET_CLIENT=@OLD_CHARACTER_SET_CLIENT */;
/*!40101 SET CHARACTER_SET_RESULTS=@OLD_CHARACTER_SET_RESULTS */;
/*!40101 SET COLLATION_CONNECTION=@OLD_COLLATION_CONNECTION */;
/*!40111 SET SQL_NOTES=@OLD_SQL_NOTES */;

-- Dump completed on 2025-07-04 17:58:43
